Probe_Id,Chr,P_start,P_end,Gene_symbol,FC_pro/diff+WO+acute,p-value_pro/diff+WO+acute,q-value_pro/diff+WO+acute
ILMN_1651438,16,88601272,88601321,ZFPM1,1.16,1.45e-33,5.82501597444089e-32
ILMN_1652314,8,101170297,101170346,SPAG1,-1.19,2.28e-30,1.23625355756792e-29
ILMN_1652456,17,31258367,31258416,TMEM98,1.17,2.42e-19,8.2107609282245e-19
ILMN_1653055,X,139585335,139585384,SOX3,-1.44,0.00959,0.0240832154983024
ILMN_1653180,19,16212859,16212909,TPM4,1.36,0.0279,0.0623448729340679
ILMN_1653856,11,122685024,122685073,UBASH3B,1.19,2.65e-31,1.89324431818182e-30
ILMN_1654010,21,45403009,45403059,AGPAT3,1.16,9.9e-31,5.83603375527426e-30
ILMN_1654072,16,57418760,57418809,CX3CL1,1.23,7.54e-30,3.76820190779014e-29
ILMN_1654287,16,4012981,4013030,ADCY9,1.41,2.31e-32,2.98826543209877e-31
ILMN_1654320,13,49082580,49082629,RCBTB2,-1.21,1.04e-14,3.46685047720042e-14
ILMN_1654735,15,92706095,92706144,SLCO3A1,-1.28,0.0358,0.0773984181568088
ILMN_1655154,19,812201,812258,PTBP1,1.27,0.00378,0.0102766962162162
ILMN_1655365,2,170550778,170550827,C2orf77,-1.17,0.0349,0.0757914680483592
ILMN_1655915,22,24126194,24126243,MMP11,1.23,0.0104,0.025956649464073
ILMN_1656057,10,75676948,75676998,PLAU,-1.23,2.92e-31,2.04888839285714e-30
ILMN_1657050,5,94927209,94927258,ARSK,-1.29,0.0266,0.0598226435342515
ILMN_1657129,7,26707311,26707360,SKAP2,-1.2,3.36e-31,2.30237820163488e-30
ILMN_1657288,6,58287640,58287689,GUSBP4,-1.16,4.07e-20,1.40016908344733e-19
ILMN_1657509,17,73520533,73520582,TSEN54,1.24,1.31e-32,2.03860643564356e-31
ILMN_1657550,16,88718606,88718655,MVD,1.37,5.81e-35,1.02365256410256e-32
ILMN_1657571,19,12858999,12859048,ASNA1,-1.15,3.83e-34,2.78783542857143e-32
ILMN_1657864,17,42268621,42268671,TMUB2,-1.2,0.0283,0.0631265211992194
ILMN_1659086,8,24811147,24811196,NEFL,1.32,0.00131,0.00377883459509062
ILMN_1659255,X,46740652,46740701,RP2,1.17,6.73e-07,2.22049383363946e-06
ILMN_1660501,8,144239355,144239404,LY6H,1.17,0.0267,0.0600046112600536
ILMN_1660847,10,6276752,6276801,PFKFB3,1.2,1.42e-35,5.39942352941176e-33
ILMN_1661599,10,74035564,74035613,DDIT4,1.51,5.26e-31,3.36757841140529e-30
ILMN_1663037,11,40136070,40136119,LRRC4C,-1.34,1.44e-34,1.70816603773585e-32
ILMN_1663399,3,12194912,12194961,TIMP4,1.39,0.000142,0.000442614774417452
ILMN_1663627,7,37053006,37136238,ELMO1,-1.27,0.019,0.0445055886736215
ILMN_1663866,5,135399256,135399305,TGFBI,-1.19,1.57e-33,6.11182043343653e-32
ILMN_1664167,6,111345431,111345480,RPF2,1.27,2.76e-32,3.39239882697947e-31
ILMN_1664756,3,160218251,160218300,KPNA4,1.34,8.08e-33,1.51638686567164e-31
ILMN_1664772,1,203702459,203702508,ATP2B4,1.43,5.08e-32,5.1554414850686e-31
ILMN_1664855,6,150571141,150571190,PPP1R14C,1.2,3.83e-33,9.78829674796748e-32
ILMN_1665205,19,37001750,37001799,ZNF260,1.27,9.5e-25,3.8871786527823e-24
ILMN_1665243,7,30053412,30053461,FKBP14,-1.24,0.016,0.0381825773391535
ILMN_1665483,9,2804456,2807855,KIAA0020,1.23,7.36e-32,6.72562790697674e-31
ILMN_1665554,8,37701676,37701725,BRF2,1.3,0.00467,0.0124804633368757
ILMN_1665831,19,45496317,45496366,CLPTM1,-1.2,1.29e-32,2.0275575e-31
ILMN_1666494,17,1339923,1339972,CRK,1.33,1.13e-29,5.55675400860383e-29
ILMN_1666648,2,153572609,153573887,PRPF40A,1.24,1.62e-22,6.11708108108108e-22
ILMN_1666659,5,140389324,140389373,"PCDHA3,PCDHA6,PCDHA8,PCDHA12,PCDHA5,PCDHA4,PCDHA2,PCDHA10,PCDHA9,PCDHA11,PCDHA1,PCDHA13,PCDHAC2,PCDHAC1,PCDHA7",-1.33,0.00809,0.020658744922827
ILMN_1666976,19,40884310,40884359,PLD3,-1.15,3.89e-28,1.75882272563826e-27
ILMN_1667068,7,138728422,138728471,ZC3HAV1,1.15,0.0205,0.0476375900942525
ILMN_1667081,12,4414002,4414051,CCND2,1.33,1.76e-26,7.56072429108302e-26
ILMN_1667239,2,191236079,191236129,INPP1,-1.17,0.0185,0.0435208606173994
ILMN_1667319,19,11476031,11476080,LPPR2,-1.22,3.17e-32,3.69070185185185e-31
ILMN_1667453,11,119005547,119005597,HINFP,1.18,0.0183,0.0431148960089938
ILMN_1668270,1,27181892,27181941,ZDHHC18,1.16,3.28e-23,1.27567955459326e-22
ILMN_1669631,4,158091751,158091801,GLRB,-1.43,1.38e-36,1.34122666666667e-33
ILMN_1670145,7,24738064,24738113,DFNA5,1.28,2.23e-05,7.20267659902389e-05
ILMN_1670456,19,36128362,36128411,RBM42,-1.16,0.0264,0.0594259935553169
ILMN_1670899,5,127593797,127593846,FBN2,-1.44,0.00513,0.01359422971549
ILMN_1671149,14,101302635,101311843,MEG3,-1.19,3.5e-29,1.66134390335976e-28
ILMN_1671473,2,31490935,31490984,EHD3,-1.15,4.18e-33,1.03259960707269e-31
ILMN_1671554,2,11967140,11967189,LPIN1,1.28,2.01e-30,1.09885826086957e-29
ILMN_1671731,10,99437232,99437281,AVPI1,-1.2,4.39e-30,2.2622893442623e-29
ILMN_1671766,5,176829221,176829270,F12,-1.16,6.53e-35,1.02635275e-32
ILMN_1672009,6,29694768,29694817,HLA-F-AS1,-1.16,1.66e-20,5.77235619469027e-20
ILMN_1672022,2,222283377,222283426,EPHA4,1.29,0.0341,0.0742464761904762
ILMN_1672382,3,50258233,50258282,SLC38A3,-1.37,1.43e-26,6.15360027378508e-26
ILMN_1672536,22,45996909,45996958,FBLN1,1.36,8.05e-08,2.66580721622333e-07
ILMN_1672605,7,30202303,30202352,C7orf41,1.37,5.98e-37,1.34122666666667e-33
ILMN_1672608,1,57044760,57044809,PPAP2B,1.67,4.93e-05,0.000157334568527919
ILMN_1672908,7,19155518,19155567,TWIST1,1.2,0.0111,0.0275832806324111
ILMN_1673352,11,309222,309271,IFITM2,-1.2,1.23e-33,5.29658219178082e-32
ILMN_1673380,1,68169322,68169371,GNG12,1.3,1.71e-33,6.41837014925373e-32
ILMN_1673752,1,32680103,32680152,DCDC2B,-1.17,0.0223,0.0512895920980428
ILMN_1673962,7,135333223,135333272,NUP205,-1.18,1.29e-32,2.0275575e-31
ILMN_1674038,11,1774485,1774534,CTSD,-1.26,3.96e-06,1.29669375e-05
ILMN_1674661,19,1272832,1272883,CIRBP,1.27,0.0383,0.082055580166979
ILMN_1674908,17,46668691,46668740,HOXB5,-1.59,8.73e-06,2.84454573723763e-05
ILMN_1675268,11,46878789,46878838,LRP4,1.38,7.24e-05,0.000229136068462119
ILMN_1675947,16,56624844,56624893,MT3,1.37,3.64e-32,4.07926559714795e-31
ILMN_1676563,10,124274199,124274248,HTRA1,-1.49,0.00162,0.00463162346521146
ILMN_1676625,20,60757260,60757309,SS18L1,1.18,0.00614,0.0160608196380279
ILMN_1677261,8,20103890,20103939,LZTS1,1.66,1.73e-32,2.44141638608305e-31
ILMN_1677530,2,242576372,242576421,THAP4,1.27,1.2e-30,6.90562929061785e-30
ILMN_1678054,11,4406325,4406374,TRIM21,-1.15,8.06e-32,7.18769078014184e-31
ILMN_1678353,13,99101809,99101858,FARP1,-1.24,1.91e-19,6.48914887868144e-19
ILMN_1678403,2,39944453,39944502,TMEM178,1.42,0.02,0.0466221727845754
ILMN_1678493,2,175664491,175664540,CHN1,-1.27,3.01e-08,9.97831268125494e-08
ILMN_1678579,1,53679616,53679665,CPT2,1.16,1.97e-34,2.01388455284553e-32
ILMN_1679041,11,62648437,62648486,SLC3A2,1.28,4.82e-26,2.03994210703467e-25
ILMN_1679177,2,198572389,198572438,MARS2,1.37,0.0337,0.0735283359361444
ILMN_1679178,19,1244625,1244674,ATP5D,-1.17,7.49e-22,2.73776918604651e-21
ILMN_1679929,15,31669643,31669692,KLF13,1.16,0.000763,0.00225793410214168
ILMN_1680037,16,67580573,67580622,FAM65A,1.17,2.26e-31,1.66085563997662e-30
ILMN_1680091,7,100304751,100304800,POP7,1.28,1.07e-21,3.88175995383728e-21
ILMN_1680390,6,10629466,10629517,GCNT2,-1.9,0.0386,0.0826560626702997
ILMN_1680624,1,167510656,167510705,CREG1,-1.17,8.52e-35,1.19033866666667e-32
ILMN_1680626,2,10927526,10928832,PDIA6,1.28,1.74e-29,8.44087962962963e-29
ILMN_1680856,X,149682091,149682142,MAMLD1,1.18,8.1e-31,4.90131857555342e-30
ILMN_1681340,1,54405749,54411255,HSPB11,1.25,0.0337,0.0735283359361444
ILMN_1681515,19,18704276,18704325,CRLF1,1.53,0.0146,0.0351753975857444
ILMN_1681769,19,53380295,53380344,ZNF320,1.2,0.000133,0.000415179245283019
ILMN_1682139,5,34832451,34832503,RAI14,1.25,0.00476,0.0126993931678337
ILMN_1682717,6,30711195,30711244,IER3,-1.87,0.0187,0.0439338191330344
ILMN_1682775,6,12296612,12296661,EDN1,-1.48,2.07e-30,1.12920520607375e-29
ILMN_1682929,11,85406191,85406240,SYTL2,-1.26,3.64e-29,1.7245425772419e-28
ILMN_1683231,22,40425973,40426022,FAM83F,-1.21,0.00785,0.0200866707366707
ILMN_1683239,3,50374637,50374686,RASSF1,1.15,1.86e-24,7.53467783505154e-24
ILMN_1683664,12,31433636,31433685,FAM60A,1.19,0.0376,0.0807209151442718
ILMN_1683682,11,61514235,61514284,DAGLA,1.37,2.18e-24,8.81109611057538e-24
ILMN_1683755,1,204096641,204096690,SOX13,1.36,1.5e-24,6.09205426356589e-24
ILMN_1683950,17,46199976,46200026,SNX11,1.17,5.26e-30,2.6777020242915e-29
ILMN_1684034,17,40351525,40351574,STAT5B,-1.16,0.0437,0.0920871124518183
ILMN_1684211,22,30819346,30819397,SEC14L2,1.63,0.0073,0.0188056136037697
ILMN_1684628,16,68600920,68600969,ZFP90,1.2,0.00308,0.00848924156071898
ILMN_1685005,12,6438187,6438236,TNFRSF1A,1.24,3.16e-23,1.23014984520124e-22
ILMN_1685104,9,111702715,111702764,FAM206A,1.3,7.24e-22,2.64946915017462e-21
ILMN_1685433,3,99514873,99514923,COL8A1,1.74,3.39e-08,1.12350711649974e-07
ILMN_1685540,4,77700485,77700534,SHROOM3,1.63,5.02e-31,3.24365262076053e-30
ILMN_1685608,7,98258788,98258837,NPTX2,1.75,0.00307,0.00846724720333406
ILMN_1685703,3,58491006,58494661,ACOX2,1.22,0.0158,0.037791363895758
ILMN_1685763,17,80573168,80573217,WDR45L,1.23,0.00911,0.0229926013649137
ILMN_1686254,X,134185175,134185224,FAM127B,-1.15,7.67e-34,4.00176680497925e-32
ILMN_1686662,15,69096585,69096634,ANP32A-IT1,-1.26,0.036,0.0777906856848256
ILMN_1686770,1,68895471,68895520,RPE65,1.86,0.00611,0.0159923272273106
ILMN_1687092,11,47594224,47594273,KBTBD4,1.29,1.7e-32,2.41534463276836e-31
ILMN_1687247,17,48633127,48633176,SPATA20,-1.18,8.78e-29,4.08434036256012e-28
ILMN_1687279,19,12786923,12787937,DHPS,1.18,1.2e-32,1.95197930142303e-31
ILMN_1687440,7,139257447,139257496,HIPK2,1.15,0.00153,0.00438328092959672
ILMN_1687821,16,15681465,15681515,C16orf45,-1.15,2.98e-30,1.59178079864061e-29
ILMN_1687887,19,40477087,40477136,PSMC4,1.28,0.0101,0.0252530125273414
ILMN_1688089,12,118583137,118583186,PEBP1,-1.16,0.00016,0.000497364647713226
ILMN_1688103,1,9908550,9908599,CTNNBIP1,1.2,6.13e-32,5.8793760488177e-31
ILMN_1688160,6,169857502,169857551,WDR27,-1.19,0.0234,0.0534966545454545
ILMN_1688295,14,21558459,21558508,ZNF219,-1.37,0.00974,0.0244355067837191
ILMN_1688464,3,183533813,183533862,MAP6D1,1.35,0.000898,0.00264127532163743
ILMN_1688629,19,58724524,58724576,ZNF274,-1.39,1.55e-32,2.29290588235294e-31
ILMN_1689097,20,20014116,20014166,NAA20,1.25,4.95e-29,2.32677757009346e-28
ILMN_1689110,16,69776095,69776144,NOB1,1.32,7.98e-05,0.000251985233550979
ILMN_1689318,12,106457602,106457651,NUAK1,1.46,7.7e-31,4.67954567423876e-30
ILMN_1689655,6,32411582,32411631,HLA-DRA,-1.18,7.42e-26,3.12350451958487e-25
ILMN_1689868,11,703804,703853,TMEM80,-1.19,1.12e-28,5.18324622745675e-28
ILMN_1690049,14,23944836,23944968,NGDN,1.23,0.0143,0.034538647714176
ILMN_1690105,2,191840581,191841584,STAT1,-1.17,6.25e-33,1.30504448105437e-31
ILMN_1690122,22,21307653,21307702,CRKL,1.33,1.93e-22,7.25061846429638e-22
ILMN_1690754,10,29975533,30024681,SVIL,1.23,0.000383,0.00116268517624336
ILMN_1691237,6,17557770,17557819,CAP2,-1.37,2.69e-28,1.22550942028986e-27
ILMN_1691294,10,126799636,126848910,CTBP2,-1.29,1.17e-05,3.80242439906953e-05
ILMN_1691413,20,36151864,36151914,NNAT,1.75,1.88e-32,2.57226550598477e-31
ILMN_1691641,X,71521928,71521977,CITED1,1.33,0.000442,0.00133695164782295
ILMN_1692665,10,73059191,73059241,UNC5B,-1.16,5.33e-20,1.83013162206445e-19
ILMN_1693352,1,1342559,1342608,MRPL20,1.26,4.67e-32,4.84893311312965e-31
ILMN_1694399,7,8267270,8267319,ICA1,-1.3,9.06e-19,3.05826684563758e-18
ILMN_1694504,1,45117182,45117231,RNF220,1.22,8.84e-32,7.70299099099099e-31
ILMN_1694780,15,41059602,41059651,GCHFR,-1.49,9.14e-25,3.74231064799739e-24
ILMN_1694840,8,99048187,99048236,MATN2,-1.18,2.24e-32,2.92175933609959e-31
ILMN_1695311,6,32916411,32916460,HLA-DMA,-1.22,0.00118,0.00342189114391144
ILMN_1695386,17,56772402,56772451,RAD51C,-1.2,5.93e-33,1.2702306122449e-31
ILMN_1695827,11,67166412,67166461,PPP1CA,1.36,4.14e-30,2.14576916735367e-29
ILMN_1695945,15,37183814,37183863,MEIS2,1.16,5.23e-31,3.35349413564508e-30
ILMN_1695947,11,118004440,118004489,SCN4B,-1.31,9.33e-31,5.54158809636278e-30
ILMN_1696065,1,1152569,1152618,SDF4,-1.23,1.35e-29,6.6024504084014e-29
ILMN_1697176,17,42983231,42983280,GFAP,1.31,2.51e-06,8.22965840938722e-06
ILMN_1697363,20,3734209,3734258,C20orf27,1.29,2.36e-21,8.45190544004557e-21
ILMN_1697460,19,1497751,1497800,REEP6,1.23,0.0117,0.0288972304065999
ILMN_1697962,16,27236531,27237069,NSMCE1,1.38,0.000119,0.000372215422885572
ILMN_1698209,2,178402822,178402871,AGPS,-1.17,4.55e-29,2.14356313225927e-28
ILMN_1698323,2,131890495,131890544,PLEKHB2,1.41,7.51e-33,1.45951684698609e-31
ILMN_1698668,3,24019421,24019470,NR1D2,-1.22,2.48e-06,8.13553874249935e-06
ILMN_1699265,8,22877811,22877860,TNFRSF10B,-1.2,0.00109,0.00317922987705869
ILMN_1699357,5,131730949,131730998,SLC22A5,-1.31,1.24e-26,5.3414731072285e-26
ILMN_1699727,17,79080667,79082283,BAIAP2,1.23,4.15e-32,4.47147386461011e-31
ILMN_1699737,16,3708841,3712011,TRAP1,1.17,0.00659,0.0171203842975207
ILMN_1700024,6,149397644,149397693,UST,-1.34,0.0235,0.0536764759309718
ILMN_1700042,15,63133306,63133355,TLN2,-1.16,5.25e-33,1.16838053097345e-31
ILMN_1700349,19,41197661,41197710,ADCK4,-1.25,1.32e-05,4.28659090909091e-05
ILMN_1701052,17,40818859,40818908,TUBG2,1.22,1.77e-32,2.48670167597765e-31
ILMN_1701413,16,634033,634083,PIGQ,1.15,2.19e-31,1.62173498233216e-30
ILMN_1701558,15,43823558,43823607,MAP1A,-1.26,4.52e-30,2.32166993464052e-29
ILMN_1701603,1,21904740,21904791,ALPL,-1.29,1.89e-26,8.11641393442623e-26
ILMN_1701613,11,63313647,63313696,RARRES3,-1.17,0.0464,0.0968676075045658
ILMN_1702389,8,144519840,144519889,ZC3H3,1.29,0.00102,0.0029840577012564
ILMN_1702501,6,166823038,166823087,RPS6KA2,1.18,0.0116,0.0286784113252064
ILMN_1702764,10,94112911,94112960,MARCH5,1.18,0.00759,0.0194768693877551
ILMN_1703013,12,132633202,132633375,NOC4L,1.2,0.033,0.0722392061281337
ILMN_1703092,8,145737101,145737150,RECQL4,-1.21,0.0382,0.0818692347025737
ILMN_1703316,19,47778875,47778925,PRR24,1.43,5.06e-05,0.000161401420598681
ILMN_1703743,17,35388977,35413944,AATF,1.16,4.57e-31,2.98355036344756e-30
ILMN_1703866,19,39966899,39966949,SUPT5H,-1.16,1.84e-32,2.54523212321232e-31
ILMN_1704452,1,147097893,147097942,BCL9,1.19,3.62e-32,4.06409642857143e-31
ILMN_1704672,12,56623137,56623186,OBFC2B,-1.16,2.59e-29,1.2411074695122e-28
ILMN_1705469,2,18736585,18736634,"RDH14,NT5C1B-RDH14",1.32,0.0339,0.0738877795111804
ILMN_1705814,12,52563538,52563587,KRT80,-1.56,3.08e-16,1.02917672070157e-15
ILMN_1706598,3,141012656,141012707,ACPL2,1.68,0.0207,0.0480668144044321
ILMN_1706610,12,45566923,45566972,PLEKHA8P1,-1.59,9.55e-10,3.17340644820296e-09
ILMN_1706969,6,56891874,56891923,BEND6,-1.17,1.86e-33,6.79873255813954e-32
ILMN_1707342,3,66429626,66429675,LRIG1,-1.15,8.69e-32,7.60207088255733e-31
ILMN_1707695,10,91163389,91163438,IFIT1,-1.79,8.33e-33,1.5448587020649e-31
ILMN_1708147,6,134308408,134308457,TBPL1,-1.16,5.57e-32,5.46738329430133e-31
ILMN_1708934,11,10328766,10328815,ADM,-1.23,7.83e-06,2.55460352880125e-05
ILMN_1709026,6,3723241,3723290,C6orf145,1.4,0.00521,0.0137916926315789
ILMN_1709042,11,66407424,66407473,RBM4,1.15,0.0117,0.0288972304065999
ILMN_1710078,6,159056267,159056316,TMEM181,1.17,1.92e-31,1.45346658639374e-30
ILMN_1710170,19,281395,281444,PPAP2C,-1.2,4.8e-22,1.77410934744268e-21
ILMN_1710408,11,27389450,27389499,LGR4,1.21,0.0128,0.0313431742940604
ILMN_1710514,19,45263096,45263145,BCL3,-1.19,3.46e-32,3.91946306306306e-31
ILMN_1710962,17,26655172,26655221,TMEM97,1.43,0.00523,0.0138388089225589
ILMN_1711203,6,31079024,31079073,C6orf15,-2.77,7.66e-31,4.65748742746615e-30
ILMN_1711331,1,242159308,242159357,MAP1LC3C,-1.63,1.29e-31,1.04580657640232e-30
ILMN_1711368,8,140742753,140742802,TRAPPC9,-1.15,2.15e-26,9.21093696763203e-26
ILMN_1712112,21,35899065,35899114,RCAN1,1.15,0.0448,0.0941211695906433
ILMN_1712305,2,172414033,172414083,CYBRD1,-1.2,9.11e-33,1.6248104964539e-31
ILMN_1712748,14,96852941,96852990,C14orf129,1.19,0.00015,0.000466856435643564
ILMN_1712936,21,34113873,34113922,GCFC1,-1.35,7.39e-21,2.60066778617408e-20
ILMN_1712944,19,3053261,3053310,AES,-1.37,9.86e-31,5.8179089629282e-30
ILMN_1713496,2,86066584,86066633,ST3GAL5,1.25,0.00384,0.0104307971484122
ILMN_1713529,5,115779467,115779516,SEMA6A,1.3,1.6e-31,1.2457213622291e-30
ILMN_1713668,1,231700299,231700348,TSNAX,1.16,1.18e-30,6.80923359339146e-30
ILMN_1713744,14,96560015,96560064,C14orf132,1.18,8.49e-05,0.000267619102531963
ILMN_1713993,13,100038515,100038566,UBAC2,-1.25,5.88e-30,2.97645410628019e-29
ILMN_1714158,7,95034684,95034733,PON2,-1.18,1.78e-33,6.60227728613569e-32
ILMN_1714352,19,46286367,46286416,DMWD,-1.26,6.3e-33,1.30504448105437e-31
ILMN_1714383,6,125584189,125584240,TPD52L1,-1.61,0.00885,0.0223903219315895
ILMN_1714397,13,20978089,20978138,CRYL1,-1.32,4.3e-31,2.83227867993714e-30
ILMN_1714401,1,151671265,151671314,SNX27,1.19,0.0284,0.0633158865248227
ILMN_1715546,7,5013689,5013738,RNF216P1,1.22,3.63e-05,0.000116467517223782
ILMN_1715705,9,140084555,140084604,SSNA1,1.16,1.29e-34,1.55965961538462e-32
ILMN_1716056,22,50941581,50941630,LMF2,-1.16,8.72e-26,3.66461497326203e-25
ILMN_1716397,11,111431313,111431362,LAYN,-1.8,2.34e-33,7.70239790575916e-32
ILMN_1716687,15,63354437,63354785,TPM1,-1.15,3.44e-29,1.63533308128544e-28
ILMN_1716733,8,2093146,2093195,MYOM2,-1.24,2.8e-32,3.41485935984481e-31
ILMN_1716957,17,43037248,43037297,C1QL1,1.34,6.2e-07,2.04616272965879e-06
ILMN_1717294,9,112140802,112140851,PTPN3,1.21,0.00487,0.0129735974576271
ILMN_1717490,12,112847214,112847263,RPL6,1.28,8.34e-32,7.40064643613267e-31
ILMN_1718044,17,12895998,12896047,ELAC2,-1.17,0.0122,0.0300201174168297
ILMN_1718063,10,90973697,90973746,LIPA,-1.27,1.03e-18,3.47497182720687e-18
ILMN_1718336,7,1036678,1036727,C7orf50,1.3,0.0017,0.00484053442028985
ILMN_1718537,10,103827589,103827638,HPS6,1.3,1.79e-29,8.67005392912172e-29
ILMN_1718734,17,36883271,36883320,MLLT6,-1.22,6.88e-25,2.82801961425302e-24
ILMN_1719938,17,7348130,7348179,FGF11,-1.2,0.00962,0.0241537300319489
ILMN_1720048,17,32583794,32583843,CCL2,-1.24,1.41e-31,1.12140037950664e-30
ILMN_1720476,9,96441436,96441485,PHF2,1.33,1.91e-23,7.49339781591264e-23
ILMN_1720526,16,81053829,81053878,CENPN,1.49,0.000594,0.00177452031361369
ILMN_1720829,19,39899713,39899762,ZFP36,1.3,3.24e-23,1.26051237623762e-22
ILMN_1720865,17,45884888,45884937,OSBPL7,-1.21,7.01e-05,0.00022208047367095
ILMN_1720998,15,63615819,63615868,CA12,1.49,3.31e-32,3.80438208409506e-31
ILMN_1721046,12,6879881,6879930,PTMS,-1.19,3.63e-31,2.45527810650888e-30
ILMN_1721575,15,41195827,41195876,VPS18,1.18,1.77e-05,5.72869498069498e-05
ILMN_1722809,7,107788535,107788584,NRCAM,1.28,0.000543,0.00162835249224899
ILMN_1723021,1,6281467,6281516,ICMT,-1.18,3.99e-32,4.33249222797927e-31
ILMN_1723971,6,44201515,44201565,SLC29A1,-1.21,1.2e-31,9.8490861618799e-31
ILMN_1724070,17,43340778,43340827,MAP3K14,1.23,0.00494,0.0131378087986464
ILMN_1726181,19,11040559,11040608,C19orf52,1.15,0.00819,0.0208759497263329
ILMN_1726204,4,174312485,174312534,SCRG1,-1.58,1.85e-21,6.66530085959885e-21
ILMN_1726239,5,76989104,76989153,TBCA,-1.24,0.0126,0.030889530122831
ILMN_1726245,3,30735125,30735175,TGFBR2,1.59,0.00221,0.00621111756817166
ILMN_1726597,6,24839757,24839806,FAM65B,1.65,9.39e-20,3.2058066793375e-19
ILMN_1726769,18,72188160,72188212,CNDP2,1.17,4.94e-32,5.06239282803586e-31
ILMN_1727271,14,100800373,100800422,WARS,-1.38,5.27e-05,0.000167886952115531
ILMN_1727840,17,47780247,47780296,SLC35B1,1.25,5.67e-27,2.46950398337374e-26
ILMN_1729288,22,37576267,37576316,C1QTNF6,-1.22,8.7e-32,7.60207088255733e-31
ILMN_1730019,22,50167309,50167358,BRD1,1.26,1.58e-30,8.89696372592924e-30
ILMN_1730487,7,134654930,134654982,CALD1,-1.39,7.48e-27,3.24210685970355e-26
ILMN_1730645,2,192814991,192815040,TMEFF2,-1.37,0.0118,0.0291099077888954
ILMN_1730670,19,683130,683179,FSTL3,1.26,0.000309,0.000944884727626459
ILMN_1730678,18,14816598,14816647,ANKRD30B,-1.34,9.23e-26,3.87635337341349e-25
ILMN_1730791,6,168225325,168225373,C6orf124,-1.19,1.02e-30,5.99321495327103e-30
ILMN_1730816,12,6936494,6936543,GPR162,-1.16,2.21e-32,2.88862162162162e-31
ILMN_1730995,10,116054811,116054860,AFAP1L2,1.53,1.37e-05,4.44666494579246e-05
ILMN_1731648,12,8207939,8207988,FOXJ2,1.29,1.76e-34,1.9336487394958e-32
ILMN_1732071,1,149856380,149856429,HIST2H2BE,-1.49,3.87e-27,1.69198122392211e-26
ILMN_1732197,22,28144783,28144832,MN1,-1.2,1.76e-33,6.54740828402367e-32
ILMN_1732873,9,95377580,95377629,IPPK,1.24,0.00366,0.00997201300108343
ILMN_1733511,12,133345723,133345772,GOLGA3,-1.33,0.0444,0.0933744104365279
ILMN_1733863,16,4659170,4659219,FAM100A,-1.16,4.36e-32,4.6342045646661e-31
ILMN_1733927,16,2822054,2825452,TCEB2,-1.15,8.7e-29,4.05162222222222e-28
ILMN_1733937,17,53470364,53470413,MMD,-1.25,1.11e-27,4.9283686440678e-27
ILMN_1734288,22,31058257,31058306,DUSP18,-1.25,6.72e-32,6.25442487046632e-31
ILMN_1734290,2,27249909,27249958,MAPRE3,-1.38,1.42e-33,5.80026451612903e-32
ILMN_1734893,15,88576103,88576156,NTRK3,-1.18,7.92e-24,3.14548578648136e-23
ILMN_1734929,11,27148932,27148981,BBOX1,-1.31,1.01e-33,4.70360740740741e-32
ILMN_1735570,4,57523991,57524041,HOPX,1.99,0.00527,0.0139358527865405
ILMN_1735658,18,67671184,67671233,RTTN,-1.2,1.31e-32,2.03860643564356e-31
ILMN_1736178,7,44153926,44153975,AEBP1,-1.43,4.59e-32,4.79357641196013e-31
ILMN_1737308,5,95149972,95150021,GLRX,-1.17,4.52e-21,1.60097126760563e-20
ILMN_1738401,6,1612281,1612330,FOXC1,1.15,4.6e-29,2.16549606888806e-28
ILMN_1738558,8,54871434,54871484,RGS20,1.35,5.97e-33,1.27447843803056e-31
ILMN_1738784,1,212534861,212534910,PPP2R5A,1.29,4.54e-22,1.67949279199765e-21
ILMN_1739576,11,7686420,7686469,CYB5R2,1.21,4.29e-33,1.04742640776699e-31
ILMN_1739847,22,36907609,36907658,EIF3D,1.15,3.07e-19,1.04077055810191e-18
ILMN_1740426,17,17398007,17398056,RASD1,1.79,3.31e-34,2.58508944099379e-32
ILMN_1740466,6,82459419,82459468,FAM46A,-1.28,0.0264,0.0594259935553169
ILMN_1740737,11,126215294,126215343,DCPS,1.21,6.76e-05,0.000214322339889057
ILMN_1741171,8,38846564,38846613,TM2D2,-1.2,0.039,0.0833706222373343
ILMN_1742031,3,50325866,50325915,IFRD2,1.26,1.51e-28,6.95484981684982e-28
ILMN_1742074,8,124232447,124232496,C8orf76,1.34,8.25e-33,1.53454881656805e-31
ILMN_1742427,13,28241218,28241267,POLR1D,1.2,8.62e-32,7.56898603351955e-31
ILMN_1742450,6,33267733,33267782,TAPBP,-1.29,3.75e-32,4.15806878306878e-31
ILMN_1742456,9,77755770,77755819,OSTF1,-1.21,1.85e-35,5.96458974358974e-33
ILMN_1742569,10,30602364,30602413,MTPAP,1.36,4.61e-23,1.78192868121734e-22
ILMN_1742981,12,49579423,49579472,TUBA1A,1.2,0.00449,0.0120455003200341
ILMN_1743103,10,105353917,105353966,SH3PXD2A,1.16,2.19e-33,7.38258981233244e-32
ILMN_1743316,12,111798771,111798820,FAM109A,1.23,2.9e-31,2.03599106644333e-30
ILMN_1743340,15,40765122,40765171,CHST14,-1.28,7.19e-34,3.83056033755274e-32
ILMN_1743396,4,8368527,8368575,ACOX3,1.35,0.000199,0.000616008370260955
ILMN_1743619,6,11201045,11201094,NEDD9,1.39,0.0413,0.0877058267184597
ILMN_1743621,17,43719503,43719552,C17orf69,-1.18,4.14e-24,1.65784585987261e-23
ILMN_1743829,12,111890341,111890390,ATXN2,-1.19,0.0188,0.0441440149393091
ILMN_1744381,7,100781845,100781895,SERPINE1,1.34,8.92e-33,1.61098737446198e-31
ILMN_1745021,1,211748863,211748912,SLC30A1,-1.43,2.92e-32,3.52700096061479e-31
ILMN_1746013,5,136311328,136311377,SPOCK1,-1.79,0.0481,0.0998859454995871
ILMN_1746031,20,43380648,43380697,RIMS4,1.29,0.0366,0.0788568197395476
ILMN_1746408,19,1258950,1258999,MIDN,1.17,0.00891,0.0225285220189021
ILMN_1746465,11,35642073,35642122,FJX1,1.2,0.028,0.0625349911190053
ILMN_1746618,1,26188151,26188200,PAQR7,-1.16,0.0459,0.0959991017964072
ILMN_1747067,19,47548941,47548990,NPAS1,-1.25,0.0236,0.0538755265068991
ILMN_1747303,19,14519743,14519876,DDX39A,-1.28,0.0193,0.0451494325581395
ILMN_1747556,9,130552058,130552107,CDK9,1.22,3.19e-32,3.69687188940092e-31
ILMN_1748124,X,106956628,106956677,TSC22D3,1.33,0.0259,0.0584050573888092
ILMN_1748323,5,134906493,134906542,CXCL14,-2.34,5.38e-34,3.28017391304348e-32
ILMN_1748352,9,99795183,99795232,CTSL2,-1.2,4.08e-30,2.11728931077177e-29
ILMN_1748908,8,37636872,37636921,PROSC,1.28,8.05e-26,3.38757362784471e-25
ILMN_1749081,7,70257749,70257798,AUTS2,1.25,5.15e-35,1.00592e-32
ILMN_1749368,6,27777958,27778007,HIST1H3H,-1.37,0.00515,0.0136443531394859
ILMN_1749634,4,155458587,155459125,PLRG1,1.22,1.84e-29,8.90537336412625e-29
ILMN_1749709,X,47001787,47001836,NDUFB11,-1.32,0.00519,0.0137445366470093
ILMN_1750051,X,63405087,63405136,FAM123B,1.23,0.0317,0.0697821778711485
ILMN_1750160,5,7863026,7863075,FASTKD3,1.67,1.79e-31,1.36990018259282e-30
ILMN_1750324,2,217537285,217537334,IGFBP5,-2.08,3.77e-33,9.6940654396728e-32
ILMN_1750400,19,10203825,10203874,C19orf66,-1.17,2.35e-32,2.9998883248731e-31
ILMN_1750664,6,32131084,32131133,PPT2,-1.32,6.51e-30,3.2742696e-29
ILMN_1751028,11,75283513,75283563,SERPINH1,-1.2,6.34e-32,5.99843190368698e-31
ILMN_1751075,21,37417888,37417942,SETD4,1.16,0.00413,0.0111702774790277
ILMN_1751079,6,32813110,32813159,TAP1,-1.18,2.15e-25,8.96058999005635e-25
ILMN_1751171,19,46387144,46387193,IRF2BP1,1.18,7.24e-31,4.42565678172095e-30
ILMN_1751803,1,36859380,36859429,LSM10,1.21,1.76e-28,8.08853801169591e-28
ILMN_1751886,14,24649248,24649298,REC8,-1.25,3.49e-05,0.000112147354970611
ILMN_1752046,12,111889075,111889124,SH2B3,-1.16,0.00559,0.0147324795640327
ILMN_1752451,15,79214371,79214420,CTSH,1.3,1.13e-31,9.37862706270627e-31
ILMN_1752478,1,12628134,12628183,DHRS3,-1.44,2.77e-31,1.96557449209932e-30
ILMN_1753008,19,1815260,1815309,REXO1,1.25,2.44e-31,1.7673133640553e-30
ILMN_1753370,11,34172883,34172932,ABTB2,1.32,2.09e-31,1.56799880668258e-30
ILMN_1753910,8,75946164,75946213,CRISPLD1,1.17,3.18e-33,8.84630973451327e-32
ILMN_1753931,5,115141110,115141159,CDO1,-1.18,6.73e-33,1.37356175040519e-31
ILMN_1754145,11,34118181,34118752,CAPRIN1,1.2,0.0158,0.037791363895758
ILMN_1755364,7,39747569,39747618,RALA,1.31,0.0274,0.0613584327693678
ILMN_1755536,12,53691884,53693053,PFDN5,-1.16,1.18e-32,1.93194270833333e-31
ILMN_1755737,22,50637944,50637993,TRABD,1.18,2.96e-26,1.26251831750339e-25
ILMN_1756022,6,27860831,27860880,HIST1H2AM,-1.24,4.55e-30,2.33517142857143e-29
ILMN_1756049,12,104166315,104166364,NT5DC3,1.42,1.48e-23,5.82822424052615e-23
ILMN_1756071,15,89441937,89441987,MFGE8,-1.3,9.35e-27,4.04287826685007e-26
ILMN_1756408,11,12552060,12552110,PARVA,-1.18,1.15e-29,5.65289288506646e-29
ILMN_1756669,1,166823503,166823552,POGK,1.27,2.23e-28,1.02037918486172e-27
ILMN_1756723,9,140008743,140008792,DPP7,1.16,1.96e-33,6.95433519553073e-32
ILMN_1756920,1,155035161,155035213,ADAM15,1.19,2.48e-32,3.11523676323676e-31
ILMN_1756928,14,60063072,60063121,RTN1,-1.29,0.00608,0.0159237492189127
ILMN_1757288,1,205305862,205305911,KLHDC8A,1.26,0.0237,0.054054743333938
ILMN_1757350,3,41277866,41277915,CTNNB1,-1.19,0.0223,0.0512895920980428
ILMN_1757736,16,54967762,54967811,IRX5,1.31,0.00283,0.00783797797356828
ILMN_1757847,11,65684519,65684568,C11orf68,-1.21,7.51e-22,2.74428189479802e-21
ILMN_1757872,8,8175594,8175643,SGK223,1.32,2.07e-32,2.75722245762712e-31
ILMN_1757877,16,3072708,3072757,HCFC1R1,-1.33,5.33e-31,3.40200101522843e-30
ILMN_1758337,16,3192669,3192718,ZNF213,1.15,5.03e-27,2.19303814147018e-26
ILMN_1758339,20,54967484,54967533,CSTF1,1.21,5.46e-27,2.37886486486486e-26
ILMN_1758626,X,148564199,148564248,IDS,-1.18,0.000374,0.00113646109231513
ILMN_1758672,10,14561191,14561240,FAM107B,1.24,0.00108,0.00315372039015327
ILMN_1759097,1,151040631,151040680,MLLT11,-1.24,0.0365,0.0787358037399211
ILMN_1759325,16,1470097,1470146,C16orf91,1.16,3.87e-34,2.78783542857143e-32
ILMN_1759652,1,156374183,156374232,C1orf61,1.19,0.0255,0.0576477885652643
ILMN_1759743,17,79225047,79225096,SLC38A10,-1.28,0.00758,0.0194551786078792
ILMN_1759915,7,98963543,98963592,ARPC1A,1.15,1.97e-06,6.46587836074132e-06
ILMN_1759991,22,38089332,38089381,NOL12,1.19,1.99e-31,1.50013549160671e-30
ILMN_1760121,1,39305191,39305240,RRAGC,1.22,1.9e-33,6.86181142857143e-32
ILMN_1760246,3,49708860,49708909,BSN,1.33,1.79e-30,9.95024756852343e-30
ILMN_1760741,12,4796141,4796190,NDUFA9,-1.15,0.0021,0.00591783953384133
ILMN_1761277,19,18320853,18320902,PDE4C,-1.36,1.31e-21,4.74285632018428e-21
ILMN_1761463,1,15756618,15756667,EFHD2,1.32,1.59e-32,2.33559112149533e-31
ILMN_1762106,16,55540154,55540203,MMP2,-1.34,7.05e-34,3.80997596566524e-32
ILMN_1762115,21,34968091,34968140,CRYZL1,1.26,1.09e-32,1.83721983914209e-31
ILMN_1763264,6,43022128,43022177,MRPL2,-1.16,1.07e-31,8.98742818971276e-31
ILMN_1763265,18,11852206,11852255,CHMP1B,-1.15,0.0143,0.034538647714176
ILMN_1763364,15,83491979,83492028,WHAMM,1.17,1.32e-29,6.46578885858979e-29
ILMN_1763461,5,125885667,125885909,ALDH7A1,-1.27,3.87e-31,2.58837127659574e-30
ILMN_1764228,5,39373178,39373227,DAB2,-1.48,0.000128,0.000399968190854871
ILMN_1764549,15,25582468,25582517,UBE3A,1.21,0.00737,0.0189548742074044
ILMN_1764754,2,238820561,238820610,RAMP1,1.28,0.000402,0.00121889269351338
ILMN_1765001,3,50333986,50334035,NAT6,-1.21,7.41e-21,2.60697649692222e-20
ILMN_1765109,1,6521428,6521477,TNFRSF25,-1.15,1.9e-21,6.83760732684602e-21
ILMN_1765332,11,57296017,57296066,TIMM10,1.3,9.57e-32,8.21947950819672e-31
ILMN_1766123,3,59735144,59735193,FHIT,1.16,3.65e-05,0.00011704947717419
ILMN_1766346,20,62588094,62588143,ZNF512B,1.15,0.0201,0.0468032222222222
ILMN_1766652,20,49577729,49577778,MOCS3,1.18,5.16e-30,2.62892382495948e-29
ILMN_1766914,17,19286871,19286920,MFAP4,-1.25,1.2e-31,9.8490861618799e-31
ILMN_1767658,8,67342554,67342603,RRS1,1.26,0.00745,0.0191449621908849
ILMN_1768357,14,60212575,60212624,RTN1,-1.28,5.13e-05,0.000163592746639615
ILMN_1768480,3,11597660,11597709,VGLL4,1.28,3.84e-32,4.21695720524017e-31
ILMN_1768534,3,5026444,5026493,BHLHE40,1.22,4.72e-05,0.000150747472694945
ILMN_1768595,17,7093434,7093483,DLG4,-1.21,1.87e-29,9.04708734128511e-29
ILMN_1768754,7,99965106,99965169,PILRB,1.2,0.0017,0.00484053442028985
ILMN_1769473,3,47058278,47058327,SETD2,1.16,0.0163,0.0388321712769989
ILMN_1770742,14,20926414,20926463,TMEM55B,1.21,1.34e-29,6.55864538731024e-29
ILMN_1770811,5,52097612,52097661,PELO,1.23,1.28e-31,1.04105562742561e-30
ILMN_1771139,16,87363110,87363159,FBXO31,1.43,1.76e-31,1.3510525030525e-30
ILMN_1771651,16,77233165,77233214,MON1B,1.18,0.0338,0.0737337265787647
ILMN_1771987,19,10755155,10755204,SLC44A2,-1.21,2.21e-31,1.63365902410347e-30
ILMN_1772113,21,44513340,44514610,U2AF1,1.16,5.84e-22,2.1427534286548e-21
ILMN_1772521,6,151413663,151413712,MTHFD1L,-1.26,2.33e-36,1.464871e-33
ILMN_1774427,12,54105162,54105211,CALCOCO1,-1.27,2.43e-29,1.16621450381679e-28
ILMN_1774661,20,2442367,2442416,SNRPB,1.24,1.78e-27,7.84772791023843e-27
ILMN_1775405,7,12727273,12727322,ARL4A,1.32,0.000487,0.00146566251795117
ILMN_1775498,17,74267069,74267118,FAM100B,-1.22,4.4e-31,2.89359832635983e-30
ILMN_1775708,12,8071915,8071962,SLC2A3,-2.38,4.73e-05,0.000151028491620112
ILMN_1776428,7,43665192,43665241,STK17A,1.6,6.21e-35,1.02365256410256e-32
ILMN_1778240,6,13363915,13363964,GFOD1,1.31,3.57e-32,4.01872694717995e-31
ILMN_1778401,6,31322051,31322282,HLA-B,-1.19,0.014,0.0339117703717973
ILMN_1778444,6,35541657,35541706,FKBP5,1.61,3.23e-31,2.22542575342466e-30
ILMN_1778457,11,112014034,112014083,IL18,-1.28,0.019,0.0445055886736215
ILMN_1778991,9,14087771,14087820,NFIB,-1.44,6.37e-34,3.65840814479638e-32
ILMN_1779147,5,73923489,73923538,ENC1,1.19,0.00824,0.0209821304171729
ILMN_1779171,17,2284207,2284257,SGSM2,1.21,6.09e-23,2.34534946401225e-22
ILMN_1779530,13,40326112,40326162,COG6,-1.2,2.69e-31,1.92073026689381e-30
ILMN_1779875,11,119289020,119289069,THY1,-1.67,4.43e-35,9.15222295081967e-33
ILMN_1780582,6,14136579,14136628,CD83,-1.16,2.3e-30,1.2449504950495e-29
ILMN_1781626,12,7177927,7177976,C1S,-1.25,3.45e-05,0.000110890337423313
ILMN_1781986,22,30163546,30163595,UQCR10,-1.22,6.59e-32,6.17456482861401e-31
ILMN_1781996,3,131104706,131104757,NUDT16,1.54,7.55e-07,2.48843250327654e-06
ILMN_1782045,12,2912956,2913005,FKBP4,1.17,8.72e-29,4.0579304219097e-28
ILMN_1783546,13,111291944,111291996,CARKD,1.21,0.000112,0.000351106457242583
ILMN_1784207,1,24114366,24114415,PITHD1,1.45,0.0356,0.0770720385674931
ILMN_1784320,7,36894246,36894295,ELMO1,-1.57,0.000141,0.000439715773809524
ILMN_1784333,15,49281156,49281205,SECISBP2L,1.2,0.0292,0.0648923294450336
ILMN_1784532,8,139600568,139600617,COL22A1,1.72,8.23e-05,0.000259618715504265
ILMN_1785330,2,235964060,235964109,SH3BP4,1.17,8.6e-32,7.56198601398601e-31
ILMN_1786326,19,34304987,34305036,KCTD15,1.29,6.35e-22,2.32716117749927e-21
ILMN_1786601,20,30780612,30780661,PLAGL2,1.7,1.6e-23,6.29486858573216e-23
ILMN_1787127,17,1477808,1477857,SLC43A2,1.2,1.29e-30,7.37293636363636e-30
ILMN_1787657,7,90044974,90045024,CLDN12,-1.24,2e-20,6.93355390129584e-20
ILMN_1788160,10,32300275,32300324,KIF5B,-1.21,2.14e-35,6.25775813953488e-33
ILMN_1788347,14,77583143,77583192,KIAA1737,-1.21,1.04e-21,3.77401443001443e-21
ILMN_1788489,6,26250497,26250546,HIST1H3F,-1.31,3.3e-31,2.26744262295082e-30
ILMN_1788874,14,95090249,95090298,SERPINA3,-1.35,6.6e-34,3.73273004484305e-32
ILMN_1788961,8,26228349,26228398,PPP2R2A,1.23,0.000147,0.000457859301461481
ILMN_1789018,19,10794181,10794323,ILF3,1.17,3.71e-34,2.78783542857143e-32
ILMN_1789233,11,60897776,60897825,VPS37C,1.27,2.24e-18,7.54103346720214e-18
ILMN_1789244,16,1036873,1036922,SOX8,1.31,3.66e-31,2.47025442834138e-30
ILMN_1789283,14,102360868,102368077,PPP2R5C,1.25,2.5e-24,1.00882541720154e-23
ILMN_1790136,20,61431873,61431922,C20orf20,1.28,0.0195,0.0456003347591594
ILMN_1790472,10,101370357,101370406,SLC25A28,1.42,2.87e-32,3.47997878495661e-31
ILMN_1790659,3,52720168,52720217,GNL3,1.16,1.39e-31,1.10759569074778e-30
ILMN_1791226,17,702765,702814,NXN,1.38,0.00051,0.00153268164435946
ILMN_1791296,7,34968839,34968888,DPY19L1,-1.29,0.0088,0.0222727858293076
ILMN_1791332,21,35281452,35281501,ATP5O,-1.26,1.58e-31,1.2339701863354e-30
ILMN_1793384,1,65301810,65301859,JAK1,1.24,3.8e-20,1.30835706462212e-19
ILMN_1793770,7,157209782,157209831,DNAJB6,-1.34,1.03e-32,1.7741397260274e-31
ILMN_1793829,1,165696907,165696956,TMCO1,-1.15,1.53e-05,4.95830412371134e-05
ILMN_1794552,3,115439767,115439817,GAP43,1.22,0.0049,0.0130479881406184
ILMN_1794742,1,2460261,2460310,HES5,1.42,0.0235,0.0536764759309718
ILMN_1794863,1,20810123,20810172,CAMK2N1,1.18,0.0242,0.0550354132754567
ILMN_1794885,15,44166033,44166082,FRMD5,1.53,8.72e-30,4.32696448303078e-29
ILMN_1795697,1,32381271,32381320,PTP4A2,-1.42,0.00032,0.000977095677513356
ILMN_1795703,7,916352,916401,GET4,1.19,5.94e-30,3.00440707964602e-29
ILMN_1795835,12,90104183,90104232,LOC338758,-1.26,1.3e-31,1.05052699228792e-30
ILMN_1796210,10,103909751,103909800,PPRC1,1.18,0.0092,0.0231964708241428
ILMN_1796464,10,1177507,1177556,WDR37,1.34,4.23e-31,2.79495638465581e-30
ILMN_1796755,3,124482315,124482364,ITGB5,-1.23,0.0029,0.00802124945006599
ILMN_1797172,19,45927063,45927113,ERCC1,1.34,1.36e-31,1.09060204081633e-30
ILMN_1797668,20,20351287,20351336,INSM1,1.39,9.06e-32,7.86200414078675e-31
ILMN_1797693,12,125509986,125510035,BRI3BP,1.3,1.38e-30,7.83745257452575e-30
ILMN_1797728,5,43289552,43289601,HMGCS1,1.56,0.000693,0.00205950886315292
ILMN_1797950,1,101338327,101338376,EXTL2,-1.3,1.58e-25,6.60469414893617e-25
ILMN_1797964,2,153616318,153616367,ARL6IP6,1.36,4.55e-34,2.97977604166667e-32
ILMN_1798164,6,64423743,64423792,PHF3,1.21,9.91e-21,3.47291917502787e-20
ILMN_1798373,2,96993766,96993817,ITPRIPL1,1.18,1.76e-31,1.3510525030525e-30
ILMN_1798657,3,176739403,176739452,TBL1XR1,1.19,2.25e-32,2.92872670807453e-31
ILMN_1798700,2,175612887,175612936,CHRNA1,-1.61,7.86e-32,7.04933238231098e-31
ILMN_1798705,6,100016449,100016498,CCNC,1.17,1.57e-19,5.33978360833108e-19
ILMN_1798804,6,35800970,35801019,SRPK1,-1.22,1.41e-05,4.57413312693498e-05
ILMN_1800197,5,1798715,1798764,MRPL36,1.23,1.54e-20,5.36695121951219e-20
ILMN_1800611,5,653256,653305,CEP72,-1.15,1.31e-30,7.46349796103308e-30
ILMN_1801378,6,99817496,99817545,COQ3,-1.15,7.7e-05,0.000243388134741076
ILMN_1801516,2,241407174,241407223,GPC1,1.19,2.41e-28,1.09914182081973e-27
ILMN_1801822,18,43846632,43846682,C18orf25,1.16,0.0139,0.0337150077160494
ILMN_1801869,2,190340096,190340145,WDR75,1.2,8.54e-30,4.24266930067167e-29
ILMN_1802151,11,3108556,3108605,OSBPL5,1.32,3.14e-32,3.6727776744186e-31
ILMN_1802167,3,125822638,125822687,ALDH1L1,2.86,1.74e-07,5.75756842105263e-07
ILMN_1802753,11,2425041,2425090,TSSC4,1.18,9.57e-34,4.47802676579926e-32
ILMN_1803686,20,43248442,43248942,ADA,1.18,1.34e-20,4.68552836484983e-20
ILMN_1803811,8,126450440,126450489,TRIB1,-1.35,0.0231,0.0528684746996724
ILMN_1803838,19,42891240,42891289,CNFN,-1.29,5.7e-31,3.60703573225969e-30
ILMN_1803846,17,39847562,39847611,EIF1,1.19,3.18e-33,8.84630973451327e-32
ILMN_1803945,6,31433389,31433438,HCP5,-1.37,5.4e-05,0.000171941250949608
ILMN_1804332,11,64056905,64056956,GPR137,-1.22,8.25e-25,3.38341487279843e-24
ILMN_1804490,7,102066960,102067012,"LOC100630923,PRKRIP1",1.19,2.78e-33,8.32279047619048e-32
ILMN_1805665,20,14304873,14304922,FLRT3,1.6,0.00295,0.00815237362637363
ILMN_1806733,21,46933420,46933470,COL18A1,1.27,0.0431,0.0910057766582704
ILMN_1806757,17,4442577,4442626,MYBBP1A,1.3,0.0141,0.0341408434430965
ILMN_1808299,3,12939664,12939713,IQSEC1,1.16,0.00432,0.0116266438356164
ILMN_1808707,7,5646137,5646186,FSCN1,1.15,2.97e-32,3.55326165556613e-31
ILMN_1810100,9,128729411,128729462,PBX3,1.27,4.69e-33,1.08604162062615e-31
ILMN_1810274,17,46620339,46620388,HOXB2,-1.44,2.36e-32,3.00350607287449e-31
ILMN_1810423,6,4995316,4995365,RPP40,1.26,2.09e-36,1.43608315789474e-33
ILMN_1810474,16,1375105,1375155,UBE2I,1.2,1.15e-22,4.36993049259595e-22
ILMN_1811238,18,56148548,56148597,ALPK2,-2.26,5.4e-34,3.28017391304348e-32
ILMN_1811997,1,145688527,145688576,RNF115,-1.17,7.41e-05,0.000234339386317907
ILMN_1812169,6,158531002,158531051,SERAC1,1.19,6.04e-31,3.7878783042394e-30
ILMN_1812392,2,85133216,85133536,TMSB10,1.18,1.41e-33,5.80026451612903e-32
ILMN_1812441,17,27084085,27084134,C17orf63,1.23,3.15e-32,3.67422077922078e-31
ILMN_1812478,17,34851379,34851428,ZNHIT3,1.29,3.61e-24,1.45022811501597e-23
ILMN_1812526,1,218610752,218610802,TGFB2,-1.36,0.0146,0.0351753975857444
ILMN_1812841,8,69728130,69728179,C8orf34,1.42,4.06e-05,0.000129965478615071
ILMN_1813028,12,54651343,54651392,CBX5,-1.22,1.87e-32,2.56416357688113e-31
ILMN_1813207,2,105713724,105713773,MRPS9,1.21,2.13e-31,1.58570870337478e-30
ILMN_1813314,6,27114517,27114566,HIST1H2BK,-1.42,9.18e-31,5.46023273415326e-30
ILMN_1813685,1,205738374,205738423,RAB7L1,-1.22,1.87e-31,1.42160701330109e-30
ILMN_1813836,2,136664887,136664936,DARS,1.16,0.0215,0.0496950367647059
ILMN_1814194,18,52895457,52895506,TCF4,-1.6,0.0412,0.0875526111205003
ILMN_1815032,8,10581794,10581843,SOX7,1.17,0.0296,0.0656767954826187
ILMN_1815578,19,44572045,44572094,ZNF223,-1.18,5.46e-33,1.20024545454545e-31
ILMN_1815723,2,184016247,184016296,NUP35,1.24,0.034,0.0740672210672211
ILMN_1815933,7,2274213,2274262,FTSJ2,1.28,6.39e-31,3.97958692421991e-30
ILMN_1820389,2,100890790,100890839,LONRF2,1.56,3.01e-20,1.03834677640604e-19
ILMN_1826531,12,74934985,74935034,ATXN7L3B,1.18,0.0159,0.0379727635327635
ILMN_1829845,13,111546687,111546736,ANKRD10,-1.3,0.0033,0.00904013071895425
ILMN_1839019,3,188607983,188608033,LPP,-1.16,5.73e-22,2.10362102189781e-21
ILMN_1853824,22,39887986,39888036,MGAT3,1.16,0.000678,0.00201683747338538
ILMN_1859946,1,162498955,162499005,UHMK1,-1.16,2.04e-28,9.35142544659132e-28
ILMN_1873621,17,9146928,9146977,NTN1,1.16,2.16e-32,2.84396230366492e-31
ILMN_1886092,15,29412613,29412662,FAM189A1,-1.21,5.65e-34,3.35108962264151e-32
ILMN_2041788,X,114884722,114884771,PLS3,-1.2,1.85e-27,8.15063069376314e-27
ILMN_2043265,15,42705334,42705383,ZFP106,-1.23,0.0081,0.0206800812182741
ILMN_2049693,11,114270381,114270430,C11orf71,-1.32,0.0216,0.0499170005513692
ILMN_2050434,22,21362609,21362658,MGC16703,-1.47,0.0457,0.0956922231473772
ILMN_2052373,2,238483068,238483117,RAB17,-3.25,0.00193,0.00545957705286839
ILMN_2055310,3,129149944,129149993,MBD4,-1.29,1.51e-21,5.45909718228867e-21
ILMN_2059211,17,73495743,73495792,KIAA0195,-1.24,4.9e-33,1.11214079422383e-31
ILMN_2060115,11,121498263,121498312,SORL1,-1.19,1.08e-31,9.05328e-31
ILMN_2062468,4,57899412,57899461,IGFBP7,-1.21,7.25e-33,1.43533396226415e-31
ILMN_2064725,12,56078190,56078239,METTL7B,1.32,0.0459,0.0959991017964072
ILMN_2075794,19,56499639,56499688,NLRP8,-1.28,2.49e-33,7.89824120603015e-32
ILMN_2077680,19,51870373,51870422,CLDND2,-1.23,1.63e-33,6.287e-32
ILMN_2078264,3,88205464,88205513,C3orf38,1.27,2.94e-32,3.53418355640535e-31
ILMN_2078389,7,150772800,150772850,SLC4A2,-1.26,8.06e-33,1.51489446935725e-31
ILMN_2082585,8,49830919,49830968,SNAI2,-1.18,3.91e-22,1.4494204009434e-21
ILMN_2083469,13,110406764,110406813,IRS2,1.43,0.0146,0.0351753975857444
ILMN_2085862,11,60704641,60704690,SLC15A3,-1.44,3.69e-31,2.48516657739689e-30
ILMN_2088410,18,12718618,12720541,PSMG2,1.18,5.44e-05,0.000173171037974684
ILMN_2093389,14,62262939,62262988,SNAPC1,-1.18,3.07e-35,7.56812452830189e-33
ILMN_2108938,11,47738401,47738450,FNBP4,1.18,0.0267,0.0600046112600536
ILMN_2109197,18,5392987,5393036,EPB41L3,-1.26,1.11e-32,1.860952e-31
ILMN_2112493,5,10679623,10679672,DAP,-1.29,0.000534,0.0016021274158912
ILMN_2115125,6,132269522,132269571,CTGF,-1.35,7.62e-33,1.47179539170507e-31
ILMN_2115696,7,6200837,6200886,USP42,1.49,0.0389,0.0831992855927879
ILMN_2116127,17,45700235,45700284,NPEPPS,-1.26,4.38e-19,1.4824796769852e-18
ILMN_2117569,1,40981911,40981960,DEM1,-1.23,2.44e-35,6.81790222222222e-33
ILMN_2119297,14,55251280,55251332,SAMD4A,1.37,0.0109,0.0271184408389395
ILMN_2120340,19,49514312,49514459,RUVBL2,1.26,0.00405,0.0109656976744186
ILMN_2122953,10,60047467,60047516,CISD1,-1.18,5.77e-27,2.51218767313019e-26
ILMN_2124082,11,64701691,64701740,PPP2R5B,-1.27,2.74e-31,1.94758394573205e-30
ILMN_2128770,17,73001769,73001818,CDR2L,1.37,3.02e-30,1.61109376325838e-29
ILMN_2129859,5,7866016,7866065,FASTKD3,1.35,6.1e-32,5.86402140672783e-31
ILMN_2148290,15,65409968,65410017,PDCD7,-1.4,1.42e-32,2.15121445783133e-31
ILMN_2150000,15,34376475,34376524,C15orf24,-1.17,0.0069,0.0178593248250309
ILMN_2150258,2,43451048,43451097,ZFP36L2,1.42,0.0199,0.0464234879406308
ILMN_2150294,7,30053140,30053189,FKBP14,-1.3,1.79e-20,6.21753038674033e-20
ILMN_2150465,5,43444438,43444487,C5orf28,-1.19,7.83e-35,1.1448188372093e-32
ILMN_2152429,12,110479317,110479366,C12orf76,1.17,8.42e-32,7.44373735955056e-31
ILMN_2154322,7,82993492,82993541,SEMA3E,-1.27,8.53e-31,5.12697036328872e-30
ILMN_2155322,17,47372536,47372585,ZNF652,-1.34,8.19e-34,4.1078406374502e-32
ILMN_2156982,2,131104117,131104166,IMP4,1.27,4.21e-24,1.68480394653087e-23
ILMN_2157441,6,32412509,32412558,HLA-DRA,-1.3,3.59e-05,0.000115272369765066
ILMN_2158336,9,131770382,131770431,SH3GLB2,1.27,0.00306,0.00844151820974111
ILMN_2162367,22,38915179,38915228,DMC1,-1.44,1.31e-27,5.79997887323944e-27
ILMN_2165354,13,36345818,36345867,DCLK1,1.45,7.92e-05,0.000250279165619502
ILMN_2166686,13,45513631,45513680,NUFIP1,1.25,4.14e-34,2.90169230769231e-32
ILMN_2168933,4,2743746,2743795,TNIP2,1.19,1.52e-33,5.99137304075235e-32
ILMN_2173451,19,34890899,34890948,GPI,-1.17,2.21e-34,2.10519242424242e-32
ILMN_2180519,6,160515844,160515893,LOC729603,-1.58,1.33e-32,2.06461975308642e-31
ILMN_2183261,2,242573161,242573210,THAP4,1.2,0.00316,0.00868879072818719
ILMN_2183409,12,125262442,125262491,SCARB1,-1.21,0.000333,0.00101555711860296
ILMN_2189859,4,165999864,165999913,TMEM192,-1.19,3.12e-32,3.6698671655753e-31
ILMN_2192032,5,112200341,112200391,SRP19,1.18,1.36e-30,7.73434644957033e-30
ILMN_2198393,6,149916361,149918238,KATNA1,1.24,1.36e-31,1.09060204081633e-30
ILMN_2201966,16,48572790,48572839,N4BP1,1.15,3.86e-31,2.58443237486688e-30
ILMN_2203299,5,153190659,153190708,GRIA1,1.24,2.61e-22,9.75279049034175e-22
ILMN_2203588,4,674900,675701,MYL5,1.41,3.51e-33,9.35058050847458e-32
ILMN_2203950,6,29913293,29913342,HLA-A,-1.42,4.92e-32,5.05425490196078e-31
ILMN_2206188,X,50334994,50335043,SHROOM4,-1.32,3.11e-05,0.000100064329580348
ILMN_2206272,2,242708023,242708072,D2HGDH,1.34,2.24e-31,1.65001523140012e-30
ILMN_2209045,6,99285368,99285417,POU3F2,1.18,0.00745,0.0191449621908849
ILMN_2210386,2,62727863,62727912,TMEM17,-1.31,1.66e-35,5.96366857142857e-33
ILMN_2211739,3,121660050,121660100,SLC15A2,-1.22,4.05e-33,1.00641699604743e-31
ILMN_2213558,8,146221210,146221258,TMED10P1,-1.2,0.000799,0.0023594706434946
ILMN_2215989,8,24776252,24776301,NEFM,1.26,0.00498,0.0132329923922232
ILMN_2216918,17,3511925,3511974,SHPK,1.31,0.00596,0.0156289968717414
ILMN_2217212,19,12636759,12636808,ZNF564,1.17,3.41e-23,1.32419209388511e-22
ILMN_2219767,2,16086637,16086686,MYCN,1.2,0.0073,0.0188056136037697
ILMN_2221076,17,3714913,3714962,C17orf85,1.23,0.0278,0.0621766631092138
ILMN_2222101,4,40156907,40156956,N4BP2,-1.26,2.73e-26,1.16560339558574e-25
ILMN_2224486,3,62317045,62318949,C3orf14,1.17,1.2e-31,9.8490861618799e-31
ILMN_2225595,11,134135256,134135305,ACAD8,1.23,1.33e-26,5.72523793221499e-26
ILMN_2227757,5,140476810,140476859,PCDHB2,-1.25,3.21e-19,1.08764591754244e-18
ILMN_2228180,8,10286154,10286205,MSRA,-1.34,2.88e-34,2.39821986754967e-32
ILMN_2235707,10,7613397,7613446,ITIH5,-1.39,2.77e-34,2.32199866666667e-32
ILMN_2245676,5,72794573,72794622,BTF3,1.21,0.00798,0.0203985606830657
ILMN_2249920,6,112021396,112021445,FYN,-1.28,1.4e-33,5.79065789473684e-32
ILMN_2251804,3,160117438,160117487,SMC4,1.25,0.042,0.089087044534413
ILMN_2259633,7,104654950,104678589,MLL5,-1.15,7.22e-34,3.83056033755274e-32
ILMN_2261519,21,45717950,45718006,AIRE,-1.41,3.1e-25,1.28687355562892e-24
ILMN_2261973,3,16306406,16306456,DPH3,1.31,0.00122,0.00353218512548929
ILMN_2262275,13,50571899,50575179,TRIM13,-1.18,2.01e-34,2.0218992e-32
ILMN_2272074,1,193028796,193028845,TROVE2,1.51,0.0209,0.0484775133739162
ILMN_2274775,6,31831021,31831070,SLC44A4,-1.4,7.74e-32,6.97056509298999e-31
ILMN_2274923,5,52404473,52405590,MOCS2,1.19,1.94e-21,6.97756292906179e-21
ILMN_2278908,22,38013839,38013888,GGA1,-1.43,0.00113,0.00328751041184637
ILMN_2286334,3,142772631,142773828,U2SURP,1.15,3.26e-28,1.47876046176046e-27
ILMN_2297765,10,78644683,78644732,KCNMA1,-1.27,3.16e-33,8.84630973451327e-32
ILMN_2304495,17,37792549,37792598,PPP1R1B,1.24,2.98e-29,1.41933787878788e-28
ILMN_2306630,7,20822537,20822586,SP8,1.38,2.23e-33,7.43767108753316e-32
ILMN_2308849,19,54379427,54379477,MYADM,-1.32,4.06e-31,2.70108148148148e-30
ILMN_2309848,19,35660697,35660747,FXYD5,-1.19,9.23e-33,1.6427895480226e-31
ILMN_2314140,11,31814990,31815039,PAX6,1.18,3.76e-28,1.70310662824208e-27
ILMN_2333107,19,3053682,3053731,AES,-1.34,1.28e-30,7.31910868576626e-30
ILMN_2339284,15,93489312,93489361,CHD2,-1.2,7.81e-33,1.49699603658537e-31
ILMN_2342455,4,106290443,106290492,PPA2,-1.25,5.27e-34,3.24828333333333e-32
ILMN_2345142,20,46286363,46286412,SULF2,1.24,0.0146,0.0351753975857444
ILMN_2348788,11,35252860,35252923,CD44,-1.16,8.74e-26,3.67179284998329e-25
ILMN_2352609,3,9792856,9793482,OGG1,1.22,0.0293,0.065068562345461
ILMN_2354140,20,20007475,20007524,NAA20,1.41,0.0187,0.0439338191330344
ILMN_2354381,7,95034343,95034392,PON2,-1.3,5.06e-32,5.14344704931285e-31
ILMN_2354547,8,15531317,15588195,TUSC3,-1.27,2.96e-07,9.78161366622865e-07
ILMN_2357062,3,190338215,190341169,IL1RAP,1.65,0.047,0.0979575667163932
ILMN_2358784,2,53897716,53897765,"GPR75-ASB3,ASB3",-1.27,7.92e-24,3.14548578648136e-23
ILMN_2361603,14,21485404,21485453,NDRG2,1.15,1.7e-33,6.41837014925373e-32
ILMN_2363744,6,163735897,163735948,PACRG,1.21,0.00419,0.0113179505907626
ILMN_2364971,14,102368194,102372757,PPP2R5C,1.32,2.59e-25,1.07800926845415e-24
ILMN_2365465,22,29191093,29191142,XBP1,1.21,4.57e-33,1.07810844277674e-31
ILMN_2367191,20,1147803,1147853,PSMF1,1.15,0.0124,0.03045265625
ILMN_2371911,1,155158421,155158470,MUC1,-1.16,7.32e-33,1.44040187793427e-31
ILMN_2373177,20,3899363,3899412,PANK2,1.26,1.37e-31,1.09582569974555e-30
ILMN_2374633,15,66841510,66841559,ZWILCH,-1.23,3.26e-33,9.02890748898678e-32
ILMN_2375484,4,15070823,15070874,CPEB2,1.37,2.4e-31,1.74537883169462e-30
ILMN_2379080,16,28977513,28977562,NFATC2IP,-1.17,0.0205,0.0476375900942525
ILMN_2381537,7,65618951,65619004,CRCP,-1.25,6.46e-31,4.0152268907563e-30
ILMN_2383349,2,120023005,120023055,STEAP3,-1.2,1.8e-30,9.99258278145695e-30
ILMN_2383611,10,129883687,129883739,PTPRE,-1.23,3.22e-23,1.25311915815537e-22
ILMN_2383975,11,64088512,64089080,PRDX5,-1.26,0.00246,0.00687225949788936
ILMN_2385278,14,73425863,73425914,DCAF4,1.71,0.00761,0.0195162431164593
ILMN_2385672,7,73483464,73483516,ELN,1.38,0.00015,0.000466856435643564
ILMN_2387696,6,167552327,167552376,CCR6,-1.38,7.44e-29,3.47384181210546e-28
ILMN_2388425,1,101339847,101339896,EXTL2,-1.22,1.1e-30,6.41828306264501e-30
ILMN_2388701,2,86066864,86066913,ST3GAL5,1.47,1.03e-33,4.72672262773723e-32
ILMN_2390739,7,99673170,99673219,ZNF3,1.17,0.0348,0.0756396197061366
ILMN_2393450,14,105185870,105185920,INF2,-1.3,2.56e-19,8.68342055570542e-19
ILMN_2396198,19,36369549,36369833,APLP1,-1.25,5.35e-33,1.18019122807018e-31
ILMN_2397028,18,61652422,61652471,SERPINB8,1.32,0.0134,0.0326091736017031
ILMN_2397484,17,42876299,42876348,GJC1,-1.38,1.15e-28,5.31816844428098e-28
ILMN_2398261,8,38282072,38282121,FGFR1,-1.21,0.00513,0.01359422971549
ILMN_2398926,17,65987314,65987363,C17orf58,-1.15,1.41e-32,2.14640920096852e-31
ILMN_2399392,5,138282788,138282837,SIL1,-1.16,0.00203,0.00573342767295598
ILMN_2400759,7,29070192,29070241,CPVL,-1.35,3.02e-34,2.48192679738562e-32
ILMN_2401618,17,40724105,40724155,MLX,1.31,3.58e-30,1.87640350145894e-29
ILMN_2402416,7,157174990,157175039,DNAJB6,1.15,0.00765,0.0196068283734203
ILMN_2403730,8,54628570,54656171,ATP6V1H,-1.27,0.0446,0.0937479772651287
ILMN_2405018,2,29025293,29025343,PPP1CB,1.22,1.59e-21,5.74336684860672e-21
ILMN_2408430,22,33669583,33669632,LARGE,1.18,0.000847,0.00249652555086732
ILMN_2410929,10,89506780,89506830,PAPSS2,-1.38,0.00633,0.0164857953603977
ILMN_2411963,20,34328781,34329885,RBM39,-1.15,0.0161,0.0383993550834598
ILMN_2412281,4,95445014,95494538,PDLIM5,1.39,5.74e-33,1.23586917808219e-31
ILMN_2415979,1,1884991,1885040,KIAA1751,-1.37,5.85e-32,5.69333591331269e-31
ILMN_3177333,18,77906061,77906110,LOC100130522,-1.16,0.00272,0.00754661959399824
ILMN_3194638,2,75720198,75720247,FAM176A,-1.29,0.0435,0.0917271507630387
ILMN_3207233,9,100745696,100745745,ANP32B,1.2,0.0405,0.086239966130398
ILMN_3225406,10,60475272,60475321,LOC728640,-1.15,0.00181,0.00513861819823888
ILMN_3226214,9,89656888,89656937,LOC440173,-1.45,0.00688,0.0178148929159802
ILMN_3229324,6,134491070,134491119,SGK1,-1.28,8.27e-22,3.01673861328692e-21
ILMN_3229424,6,52533438,52533488,LOC730101,-1.18,0.0415,0.0880859216745442
ILMN_3235397,20,2634883,2634932,SNORD110,-1.18,6.02e-31,3.77721956087824e-30
ILMN_3235410,9,99708475,99711857,HIATL2,-1.47,6.67e-32,6.23094947994057e-31
ILMN_3237177,4,84383291,84383340,FAM175A,-1.38,8.69e-34,4.23519612403101e-32
ILMN_3237446,17,75085392,75085441,SCARNA16,-1.18,0.000259,0.000797030347528145
ILMN_3237703,14,65877531,65877580,LOC645431,-1.21,0.000841,0.00248000328330206
ILMN_3237966,11,67024881,67024930,KDM2A,1.31,0.0208,0.0482811888499169
ILMN_3238058,2,135212056,135212105,MGAT5,-1.35,0.00263,0.0073065885992046
ILMN_3238633,11,61214052,61214101,SDHAF2,1.15,1.55e-30,8.73585835948005e-30
ILMN_3239177,1,156042135,156042184,MEX3A,1.18,0.0291,0.0647158471878316
ILMN_3239925,5,470670,470719,PP7080,1.42,5.42e-31,3.44894129554656e-30
ILMN_3240177,12,66516932,66516981,LLPH,1.29,4.84e-33,1.10450381125227e-31
ILMN_3240187,3,10005841,10011411,TMEM111,-1.16,2.93e-30,1.56640391156463e-29
ILMN_3241626,4,122250180,122250229,QRFPR,-1.24,0.0339,0.0738877795111804
ILMN_3241665,1,210405074,210406986,C1orf133,-1.67,0.0178,0.0421025583145222
ILMN_3244117,20,62271162,62271211,STMN3,1.21,0.00372,0.0101223285003246
ILMN_3247023,6,22194278,22194327,LINC00340,-1.17,3.27e-32,3.76874243813016e-31
ILMN_3247728,1,145688107,145688156,RNF115,-1.16,4.82e-33,1.10193963636364e-31
ILMN_3248026,5,145668050,145668099,RBM27,1.19,0.0109,0.0271184408389395
ILMN_3248343,15,41271357,41271406,INO80,1.21,7.27e-20,2.49013838191229e-19
ILMN_3248764,7,1629015,1629066,KIAA1908,-1.15,2.36e-32,3.00350607287449e-31
ILMN_3248882,4,53580071,53580120,SNHG13,-1.23,6.84e-05,0.000216804033274515
ILMN_3248941,6,112423432,112423481,C6orf225,-1.17,3.11e-30,1.65489377909437e-29
ILMN_3249230,15,22744627,22744676,GOLGA6L1,-1.36,9.07e-19,3.06082071926999e-18
ILMN_3251742,6,26634744,26634793,ZNF322,1.39,5.31e-31,3.39267987804878e-30
ILMN_3251944,13,99188629,99188678,STK24,-1.41,0.0356,0.0770720385674931
ILMN_3265797,13,31037814,31039966,HMGB1,1.22,0.000846,0.00249416271981243
ILMN_3284119,5,170818742,170818791,NPM1,1.16,0.00637,0.0165796688056303
ILMN_3292082,8,87493909,87493958,FAM82B,-1.23,0.00555,0.0146393329137823
ILMN_3306388,2,95539790,95539838,TEKT4,1.15,1.64e-34,1.84119285714286e-32
ILMN_3307729,5,139062526,139062575,CXXC5,1.39,1.09e-24,4.44988961038961e-24
ILMN_3307742,12,75669862,75669911,CAPS2,-1.21,0.000703,0.0020877472838923
,,,,,,,
,,,,,,,
,,,,,,,
,,,,,,,
,,,,,,,
,,,,,,,
,,,,,,,
,,,,,,,
,,,,,,,
,,,,,,,
,,,,,,,
,,,,,,,
,,,,,,,
,,,,,,,
,,,,,,,
,,,,,,,
,,,,,,,
,,,,,,,
,,,,,,,
,,,,,,,
,,,,,,,
,,,,,,,
,,,,,,,
,,,,,,,
,,,,,,,
,,,,,,,
,,,,,,,
,,,,,,,
,,,,,,,
,,,,,,,
,,,,,,,
,,,,,,,
,,,,,,,
,,,,,,,
,,,,,,,
,,,,,,,
,,,,,,,
,,,,,,,
,,,,,,,
,,,,,,,
,,,,,,,
,,,,,,,
,,,,,,,
,,,,,,,
,,,,,,,
,,,,,,,
,,,,,,,
,,,,,,,
,,,,,,,
,,,,,,,
,,,,,,,
,,,,,,,
,,,,,,,
,,,,,,,
,,,,,,,
,,,,,,,
,,,,,,,
,,,,,,,
,,,,,,,
,,,,,,,
,,,,,,,
,,,,,,,
,,,,,,,
,,,,,,,
,,,,,,,
,,,,,,,
,,,,,,,
,,,,,,,
,,,,,,,
,,,,,,,
,,,,,,,
,,,,,,,
,,,,,,,
,,,,,,,
,,,,,,,
,,,,,,,
,,,,,,,
,,,,,,,
,,,,,,,
,,,,,,,
,,,,,,,
,,,,,,,
,,,,,,,
,,,,,,,
,,,,,,,
,,,,,,,
,,,,,,,
,,,,,,,
,,,,,,,
,,,,,,,
,,,,,,,
,,,,,,,
,,,,,,,
,,,,,,,
,,,,,,,
,,,,,,,
,,,,,,,
,,,,,,,
,,,,,,,
,,,,,,,
,,,,,,,
,,,,,,,
,,,,,,,
,,,,,,,
,,,,,,,
,,,,,,,
,,,,,,,
,,,,,,,
,,,,,,,
,,,,,,,
,,,,,,,
,,,,,,,
,,,,,,,
,,,,,,,
,,,,,,,
,,,,,,,
,,,,,,,
,,,,,,,
,,,,,,,
,,,,,,,
,,,,,,,
,,,,,,,
,,,,,,,
,,,,,,,
,,,,,,,
,,,,,,,
,,,,,,,
,,,,,,,
,,,,,,,
,,,,,,,
,,,,,,,
,,,,,,,
,,,,,,,
,,,,,,,
,,,,,,,
,,,,,,,
,,,,,,,
,,,,,,,
,,,,,,,
,,,,,,,
,,,,,,,
,,,,,,,
,,,,,,,
,,,,,,,
,,,,,,,
,,,,,,,
,,,,,,,
,,,,,,,
,,,,,,,
,,,,,,,
,,,,,,,
,,,,,,,
,,,,,,,
,,,,,,,
,,,,,,,
,,,,,,,
,,,,,,,
,,,,,,,
,,,,,,,
,,,,,,,
,,,,,,,
,,,,,,,
,,,,,,,
,,,,,,,
,,,,,,,
,,,,,,,
,,,,,,,
,,,,,,,
,,,,,,,
,,,,,,,
,,,,,,,
,,,,,,,
,,,,,,,
,,,,,,,
,,,,,,,
,,,,,,,
,,,,,,,
,,,,,,,
,,,,,,,
,,,,,,,
,,,,,,,
,,,,,,,
,,,,,,,
,,,,,,,
,,,,,,,
,,,,,,,
,,,,,,,
,,,,,,,
,,,,,,,
,,,,,,,
,,,,,,,
,,,,,,,
,,,,,,,
,,,,,,,
,,,,,,,
,,,,,,,
,,,,,,,
,,,,,,,
,,,,,,,
,,,,,,,
,,,,,,,
,,,,,,,
,,,,,,,
,,,,,,,
,,,,,,,
,,,,,,,
,,,,,,,
,,,,,,,
,,,,,,,
,,,,,,,
,,,,,,,
,,,,,,,
,,,,,,,
,,,,,,,
,,,,,,,
,,,,,,,
,,,,,,,
,,,,,,,
,,,,,,,
,,,,,,,
,,,,,,,
,,,,,,,
,,,,,,,
,,,,,,,
,,,,,,,
,,,,,,,
,,,,,,,
,,,,,,,
,,,,,,,
,,,,,,,
,,,,,,,
,,,,,,,
,,,,,,,
,,,,,,,
,,,,,,,
,,,,,,,
,,,,,,,
,,,,,,,
,,,,,,,
,,,,,,,
,,,,,,,
,,,,,,,
,,,,,,,
,,,,,,,
,,,,,,,
,,,,,,,
,,,,,,,
,,,,,,,
,,,,,,,
,,,,,,,
,,,,,,,
,,,,,,,
,,,,,,,
,,,,,,,
,,,,,,,
,,,,,,,
,,,,,,,
,,,,,,,
,,,,,,,
,,,,,,,
,,,,,,,
,,,,,,,
,,,,,,,
,,,,,,,
,,,,,,,
,,,,,,,
,,,,,,,
,,,,,,,
,,,,,,,
,,,,,,,
,,,,,,,
,,,,,,,
,,,,,,,
,,,,,,,
,,,,,,,
,,,,,,,
,,,,,,,
,,,,,,,
,,,,,,,
,,,,,,,
,,,,,,,
,,,,,,,
,,,,,,,
,,,,,,,
,,,,,,,
,,,,,,,
,,,,,,,
,,,,,,,
,,,,,,,
,,,,,,,
,,,,,,,
,,,,,,,
,,,,,,,
,,,,,,,
,,,,,,,
,,,,,,,
,,,,,,,
